D,/data1/jiayu_xiao/project/wzh/data/fre_wav/fr_08-D-2-6.wav
D,/data1/jiayu_xiao/project/wzh/data/fre_wav/fr_09-D-2-3.wav
D,/data1/jiayu_xiao/project/wzh/data/fre_wav/fr_02-D-2-1.wav
D,/data1/jiayu_xiao/project/wzh/data/fre_wav/fr_06-D-2-5.wav
D,/data1/jiayu_xiao/project/wzh/data/fre_wav/fr_04-D-2-3.wav
D,/data1/jiayu_xiao/project/wzh/data/fre_wav/fr_05-D-2-6.wav
D,/data1/jiayu_xiao/project/wzh/data/fre_wav/fr_01-D-2-2.wav
D,/data1/jiayu_xiao/project/wzh/data/fre_wav/fr_12-D-2-4.wav
D,/data1/jiayu_xiao/project/wzh/data/fre_wav/fr_12-D-2-5.wav
D,/data1/jiayu_xiao/project/wzh/data/fre_wav/fr_01-D-2-3.wav
D,/data1/jiayu_xiao/project/wzh/data/fre_wav/fr_04-D-2-2.wav
D,/data1/jiayu_xiao/project/wzh/data/fre_wav/fr_07-D-2-1.wav
D,/data1/jiayu_xiao/project/wzh/data/fre_wav/fr_06-D-2-4.wav
D,/data1/jiayu_xiao/project/wzh/data/fre_wav/fr_10-D-2-3.wav
D,/data1/jiayu_xiao/project/wzh/data/fre_wav/fr_09-D-2-2.wav
D,/data1/jiayu_xiao/project/wzh/data/fre_wav/fr_11-D-2-6.wav
D,/data1/jiayu_xiao/project/wzh/data/fre_wav/fr_03-D-2-5.wav
D,/data1/jiayu_xiao/project/wzh/data/fre_wav/fr_04-D-2-5.wav
D,/data1/jiayu_xiao/project/wzh/data/fre_wav/fr_01-D-2-4.wav
D,/data1/jiayu_xiao/project/wzh/data/fre_wav/fr_12-D-2-2.wav
D,/data1/jiayu_xiao/project/wzh/data/fre_wav/fr_03-D-2-2.wav
D,/data1/jiayu_xiao/project/wzh/data/fre_wav/fr_11-D-2-1.wav
D,/data1/jiayu_xiao/project/wzh/data/fre_wav/fr_09-D-2-5.wav
D,/data1/jiayu_xiao/project/wzh/data/fre_wav/fr_10-D-2-4.wav
D,/data1/jiayu_xiao/project/wzh/data/fre_wav/fr_06-D-2-3.wav
D,/data1/jiayu_xiao/project/wzh/data/fre_wav/fr_07-D-2-6.wav
D,/data1/jiayu_xiao/project/wzh/data/fre_wav/fr_06-D-2-2.wav
D,/data1/jiayu_xiao/project/wzh/data/fre_wav/fr_10-D-2-5.wav
D,/data1/jiayu_xiao/project/wzh/data/fre_wav/fr_09-D-2-4.wav
D,/data1/jiayu_xiao/project/wzh/data/fre_wav/fr_02-D-2-6.wav
D,/data1/jiayu_xiao/project/wzh/data/fre_wav/fr_03-D-2-3.wav
D,/data1/jiayu_xiao/project/wzh/data/fre_wav/fr_08-D-2-1.wav
D,/data1/jiayu_xiao/project/wzh/data/fre_wav/fr_01-D-2-5.wav
D,/data1/jiayu_xiao/project/wzh/data/fre_wav/fr_05-D-2-1.wav
D,/data1/jiayu_xiao/project/wzh/data/fre_wav/fr_04-D-2-4.wav
D,/data1/jiayu_xiao/project/wzh/data/fre_wav/fr_01-D-2-6.wav
D,/data1/jiayu_xiao/project/wzh/data/fre_wav/fr_05-D-2-2.wav
D,/data1/jiayu_xiao/project/wzh/data/fre_wav/fr_07-D-2-4.wav
D,/data1/jiayu_xiao/project/wzh/data/fre_wav/fr_06-D-2-1.wav
D,/data1/jiayu_xiao/project/wzh/data/fre_wav/fr_10-D-2-6.wav
D,/data1/jiayu_xiao/project/wzh/data/fre_wav/fr_02-D-2-5.wav
D,/data1/jiayu_xiao/project/wzh/data/fre_wav/fr_11-D-2-3.wav
D,/data1/jiayu_xiao/project/wzh/data/fre_wav/fr_08-D-2-2.wav
D,/data1/jiayu_xiao/project/wzh/data/fre_wav/fr_08-D-2-3.wav
D,/data1/jiayu_xiao/project/wzh/data/fre_wav/fr_03-D-2-1.wav
D,/data1/jiayu_xiao/project/wzh/data/fre_wav/fr_11-D-2-2.wav
D,/data1/jiayu_xiao/project/wzh/data/fre_wav/fr_02-D-2-4.wav
D,/data1/jiayu_xiao/project/wzh/data/fre_wav/fr_09-D-2-6.wav
D,/data1/jiayu_xiao/project/wzh/data/fre_wav/fr_07-D-2-5.wav
D,/data1/jiayu_xiao/project/wzh/data/fre_wav/fr_04-D-2-6.wav
D,/data1/jiayu_xiao/project/wzh/data/fre_wav/fr_05-D-2-3.wav
D,/data1/jiayu_xiao/project/wzh/data/fre_wav/fr_12-D-2-1.wav
D,/data1/jiayu_xiao/project/wzh/data/fre_wav/fr_07-D-2-2.wav
D,/data1/jiayu_xiao/project/wzh/data/fre_wav/fr_02-D-2-3.wav
D,/data1/jiayu_xiao/project/wzh/data/fre_wav/fr_09-D-2-1.wav
D,/data1/jiayu_xiao/project/wzh/data/fre_wav/fr_11-D-2-5.wav
D,/data1/jiayu_xiao/project/wzh/data/fre_wav/fr_08-D-2-4.wav
D,/data1/jiayu_xiao/project/wzh/data/fre_wav/fr_03-D-2-6.wav
D,/data1/jiayu_xiao/project/wzh/data/fre_wav/fr_12-D-2-6.wav
D,/data1/jiayu_xiao/project/wzh/data/fre_wav/fr_05-D-2-4.wav
D,/data1/jiayu_xiao/project/wzh/data/fre_wav/fr_04-D-2-1.wav
D,/data1/jiayu_xiao/project/wzh/data/fre_wav/fr_05-D-2-5.wav
D,/data1/jiayu_xiao/project/wzh/data/fre_wav/fr_01-D-2-1.wav
D,/data1/jiayu_xiao/project/wzh/data/fre_wav/fr_08-D-2-5.wav
D,/data1/jiayu_xiao/project/wzh/data/fre_wav/fr_11-D-2-4.wav
D,/data1/jiayu_xiao/project/wzh/data/fre_wav/fr_02-D-2-2.wav
D,/data1/jiayu_xiao/project/wzh/data/fre_wav/fr_10-D-2-1.wav
D,/data1/jiayu_xiao/project/wzh/data/fre_wav/fr_06-D-2-6.wav
D,/data1/jiayu_xiao/project/wzh/data/fre_wav/fr_07-D-2-3.wav
C,/data1/jiayu_xiao/project/wzh/data/fre_wav/fr_06-C-2-2.wav
C,/data1/jiayu_xiao/project/wzh/data/fre_wav/fr_09-C-2-4.wav
C,/data1/jiayu_xiao/project/wzh/data/fre_wav/fr_02-C-2-6.wav
C,/data1/jiayu_xiao/project/wzh/data/fre_wav/fr_10-C-2-5.wav
C,/data1/jiayu_xiao/project/wzh/data/fre_wav/fr_03-C-2-3.wav
C,/data1/jiayu_xiao/project/wzh/data/fre_wav/fr_08-C-2-1.wav
C,/data1/jiayu_xiao/project/wzh/data/fre_wav/fr_12-C-2-3.wav
C,/data1/jiayu_xiao/project/wzh/data/fre_wav/fr_01-C-2-5.wav
C,/data1/jiayu_xiao/project/wzh/data/fre_wav/fr_05-C-2-1.wav
C,/data1/jiayu_xiao/project/wzh/data/fre_wav/fr_04-C-2-4.wav
C,/data1/jiayu_xiao/project/wzh/data/fre_wav/fr_04-C-2-5.wav
C,/data1/jiayu_xiao/project/wzh/data/fre_wav/fr_01-C-2-4.wav
C,/data1/jiayu_xiao/project/wzh/data/fre_wav/fr_12-C-2-2.wav
C,/data1/jiayu_xiao/project/wzh/data/fre_wav/fr_11-C-2-1.wav
C,/data1/jiayu_xiao/project/wzh/data/fre_wav/fr_03-C-2-2.wav
C,/data1/jiayu_xiao/project/wzh/data/fre_wav/fr_10-C-2-4.wav
C,/data1/jiayu_xiao/project/wzh/data/fre_wav/fr_09-C-2-5.wav
C,/data1/jiayu_xiao/project/wzh/data/fre_wav/fr_06-C-2-3.wav
C,/data1/jiayu_xiao/project/wzh/data/fre_wav/fr_07-C-2-6.wav
C,/data1/jiayu_xiao/project/wzh/data/fre_wav/fr_12-C-2-5.wav
C,/data1/jiayu_xiao/project/wzh/data/fre_wav/fr_01-C-2-3.wav
C,/data1/jiayu_xiao/project/wzh/data/fre_wav/fr_04-C-2-2.wav
C,/data1/jiayu_xiao/project/wzh/data/fre_wav/fr_07-C-2-1.wav
C,/data1/jiayu_xiao/project/wzh/data/fre_wav/fr_06-C-2-4.wav
C,/data1/jiayu_xiao/project/wzh/data/fre_wav/fr_09-C-2-2.wav
C,/data1/jiayu_xiao/project/wzh/data/fre_wav/fr_10-C-2-3.wav
C,/data1/jiayu_xiao/project/wzh/data/fre_wav/fr_03-C-2-5.wav
C,/data1/jiayu_xiao/project/wzh/data/fre_wav/fr_11-C-2-6.wav
C,/data1/jiayu_xiao/project/wzh/data/fre_wav/fr_03-C-2-4.wav
C,/data1/jiayu_xiao/project/wzh/data/fre_wav/fr_08-C-2-6.wav
C,/data1/jiayu_xiao/project/wzh/data/fre_wav/fr_10-C-2-2.wav
C,/data1/jiayu_xiao/project/wzh/data/fre_wav/fr_09-C-2-3.wav
C,/data1/jiayu_xiao/project/wzh/data/fre_wav/fr_02-C-2-1.wav
C,/data1/jiayu_xiao/project/wzh/data/fre_wav/fr_06-C-2-5.wav
C,/data1/jiayu_xiao/project/wzh/data/fre_wav/fr_04-C-2-3.wav
C,/data1/jiayu_xiao/project/wzh/data/fre_wav/fr_05-C-2-6.wav
C,/data1/jiayu_xiao/project/wzh/data/fre_wav/fr_01-C-2-2.wav
C,/data1/jiayu_xiao/project/wzh/data/fre_wav/fr_12-C-2-4.wav
C,/data1/jiayu_xiao/project/wzh/data/fre_wav/fr_05-C-2-5.wav
C,/data1/jiayu_xiao/project/wzh/data/fre_wav/fr_01-C-2-1.wav
C,/data1/jiayu_xiao/project/wzh/data/fre_wav/fr_11-C-2-4.wav
C,/data1/jiayu_xiao/project/wzh/data/fre_wav/fr_08-C-2-5.wav
C,/data1/jiayu_xiao/project/wzh/data/fre_wav/fr_10-C-2-1.wav
C,/data1/jiayu_xiao/project/wzh/data/fre_wav/fr_02-C-2-2.wav
C,/data1/jiayu_xiao/project/wzh/data/fre_wav/fr_06-C-2-6.wav
C,/data1/jiayu_xiao/project/wzh/data/fre_wav/fr_07-C-2-3.wav
C,/data1/jiayu_xiao/project/wzh/data/fre_wav/fr_07-C-2-2.wav
C,/data1/jiayu_xiao/project/wzh/data/fre_wav/fr_02-C-2-3.wav
C,/data1/jiayu_xiao/project/wzh/data/fre_wav/fr_09-C-2-1.wav
C,/data1/jiayu_xiao/project/wzh/data/fre_wav/fr_08-C-2-4.wav
C,/data1/jiayu_xiao/project/wzh/data/fre_wav/fr_03-C-2-6.wav
C,/data1/jiayu_xiao/project/wzh/data/fre_wav/fr_11-C-2-5.wav
C,/data1/jiayu_xiao/project/wzh/data/fre_wav/fr_12-C-2-6.wav
C,/data1/jiayu_xiao/project/wzh/data/fre_wav/fr_05-C-2-4.wav
C,/data1/jiayu_xiao/project/wzh/data/fre_wav/fr_04-C-2-1.wav
C,/data1/jiayu_xiao/project/wzh/data/fre_wav/fr_11-C-2-2.wav
C,/data1/jiayu_xiao/project/wzh/data/fre_wav/fr_08-C-2-3.wav
C,/data1/jiayu_xiao/project/wzh/data/fre_wav/fr_03-C-2-1.wav
C,/data1/jiayu_xiao/project/wzh/data/fre_wav/fr_02-C-2-4.wav
C,/data1/jiayu_xiao/project/wzh/data/fre_wav/fr_09-C-2-6.wav
C,/data1/jiayu_xiao/project/wzh/data/fre_wav/fr_07-C-2-5.wav
C,/data1/jiayu_xiao/project/wzh/data/fre_wav/fr_04-C-2-6.wav
C,/data1/jiayu_xiao/project/wzh/data/fre_wav/fr_05-C-2-3.wav
C,/data1/jiayu_xiao/project/wzh/data/fre_wav/fr_12-C-2-1.wav
C,/data1/jiayu_xiao/project/wzh/data/fre_wav/fr_01-C-2-6.wav
C,/data1/jiayu_xiao/project/wzh/data/fre_wav/fr_05-C-2-2.wav
C,/data1/jiayu_xiao/project/wzh/data/fre_wav/fr_07-C-2-4.wav
C,/data1/jiayu_xiao/project/wzh/data/fre_wav/fr_06-C-2-1.wav
C,/data1/jiayu_xiao/project/wzh/data/fre_wav/fr_02-C-2-5.wav
C,/data1/jiayu_xiao/project/wzh/data/fre_wav/fr_10-C-2-6.wav
C,/data1/jiayu_xiao/project/wzh/data/fre_wav/fr_08-C-2-2.wav
C,/data1/jiayu_xiao/project/wzh/data/fre_wav/fr_11-C-2-3.wav
S,/data1/jiayu_xiao/project/wzh/data/fre_wav/fr_08-S-2-2.wav
S,/data1/jiayu_xiao/project/wzh/data/fre_wav/fr_11-S-2-3.wav
S,/data1/jiayu_xiao/project/wzh/data/fre_wav/fr_02-S-2-5.wav
S,/data1/jiayu_xiao/project/wzh/data/fre_wav/fr_10-S-2-6.wav
S,/data1/jiayu_xiao/project/wzh/data/fre_wav/fr_06-S-2-1.wav
S,/data1/jiayu_xiao/project/wzh/data/fre_wav/fr_07-S-2-4.wav
S,/data1/jiayu_xiao/project/wzh/data/fre_wav/fr_05-S-2-2.wav
S,/data1/jiayu_xiao/project/wzh/data/fre_wav/fr_01-S-2-6.wav
S,/data1/jiayu_xiao/project/wzh/data/fre_wav/fr_12-S-2-1.wav
S,/data1/jiayu_xiao/project/wzh/data/fre_wav/fr_05-S-2-3.wav
S,/data1/jiayu_xiao/project/wzh/data/fre_wav/fr_04-S-2-6.wav
S,/data1/jiayu_xiao/project/wzh/data/fre_wav/fr_07-S-2-5.wav
S,/data1/jiayu_xiao/project/wzh/data/fre_wav/fr_02-S-2-4.wav
S,/data1/jiayu_xiao/project/wzh/data/fre_wav/fr_09-S-2-6.wav
S,/data1/jiayu_xiao/project/wzh/data/fre_wav/fr_11-S-2-2.wav
S,/data1/jiayu_xiao/project/wzh/data/fre_wav/fr_08-S-2-3.wav
S,/data1/jiayu_xiao/project/wzh/data/fre_wav/fr_03-S-2-1.wav
S,/data1/jiayu_xiao/project/wzh/data/fre_wav/fr_04-S-2-1.wav
S,/data1/jiayu_xiao/project/wzh/data/fre_wav/fr_05-S-2-4.wav
S,/data1/jiayu_xiao/project/wzh/data/fre_wav/fr_12-S-2-6.wav
S,/data1/jiayu_xiao/project/wzh/data/fre_wav/fr_08-S-2-4.wav
S,/data1/jiayu_xiao/project/wzh/data/fre_wav/fr_03-S-2-6.wav
S,/data1/jiayu_xiao/project/wzh/data/fre_wav/fr_11-S-2-5.wav
S,/data1/jiayu_xiao/project/wzh/data/fre_wav/fr_02-S-2-3.wav
S,/data1/jiayu_xiao/project/wzh/data/fre_wav/fr_09-S-2-1.wav
S,/data1/jiayu_xiao/project/wzh/data/fre_wav/fr_07-S-2-2.wav
S,/data1/jiayu_xiao/project/wzh/data/fre_wav/fr_07-S-2-3.wav
S,/data1/jiayu_xiao/project/wzh/data/fre_wav/fr_06-S-2-6.wav
S,/data1/jiayu_xiao/project/wzh/data/fre_wav/fr_10-S-2-1.wav
S,/data1/jiayu_xiao/project/wzh/data/fre_wav/fr_02-S-2-2.wav
S,/data1/jiayu_xiao/project/wzh/data/fre_wav/fr_11-S-2-4.wav
S,/data1/jiayu_xiao/project/wzh/data/fre_wav/fr_08-S-2-5.wav
S,/data1/jiayu_xiao/project/wzh/data/fre_wav/fr_01-S-2-1.wav
S,/data1/jiayu_xiao/project/wzh/data/fre_wav/fr_05-S-2-5.wav
S,/data1/jiayu_xiao/project/wzh/data/fre_wav/fr_12-S-2-4.wav
S,/data1/jiayu_xiao/project/wzh/data/fre_wav/fr_01-S-2-2.wav
S,/data1/jiayu_xiao/project/wzh/data/fre_wav/fr_05-S-2-6.wav
S,/data1/jiayu_xiao/project/wzh/data/fre_wav/fr_04-S-2-3.wav
S,/data1/jiayu_xiao/project/wzh/data/fre_wav/fr_06-S-2-5.wav
S,/data1/jiayu_xiao/project/wzh/data/fre_wav/fr_10-S-2-2.wav
S,/data1/jiayu_xiao/project/wzh/data/fre_wav/fr_09-S-2-3.wav
S,/data1/jiayu_xiao/project/wzh/data/fre_wav/fr_02-S-2-1.wav
S,/data1/jiayu_xiao/project/wzh/data/fre_wav/fr_03-S-2-4.wav
S,/data1/jiayu_xiao/project/wzh/data/fre_wav/fr_08-S-2-6.wav
S,/data1/jiayu_xiao/project/wzh/data/fre_wav/fr_03-S-2-5.wav
S,/data1/jiayu_xiao/project/wzh/data/fre_wav/fr_11-S-2-6.wav
S,/data1/jiayu_xiao/project/wzh/data/fre_wav/fr_09-S-2-2.wav
S,/data1/jiayu_xiao/project/wzh/data/fre_wav/fr_10-S-2-3.wav
S,/data1/jiayu_xiao/project/wzh/data/fre_wav/fr_06-S-2-4.wav
S,/data1/jiayu_xiao/project/wzh/data/fre_wav/fr_07-S-2-1.wav
S,/data1/jiayu_xiao/project/wzh/data/fre_wav/fr_04-S-2-2.wav
S,/data1/jiayu_xiao/project/wzh/data/fre_wav/fr_01-S-2-3.wav
S,/data1/jiayu_xiao/project/wzh/data/fre_wav/fr_12-S-2-5.wav
S,/data1/jiayu_xiao/project/wzh/data/fre_wav/fr_07-S-2-6.wav
S,/data1/jiayu_xiao/project/wzh/data/fre_wav/fr_06-S-2-3.wav
S,/data1/jiayu_xiao/project/wzh/data/fre_wav/fr_10-S-2-4.wav
S,/data1/jiayu_xiao/project/wzh/data/fre_wav/fr_09-S-2-5.wav
S,/data1/jiayu_xiao/project/wzh/data/fre_wav/fr_11-S-2-1.wav
S,/data1/jiayu_xiao/project/wzh/data/fre_wav/fr_03-S-2-2.wav
S,/data1/jiayu_xiao/project/wzh/data/fre_wav/fr_12-S-2-2.wav
S,/data1/jiayu_xiao/project/wzh/data/fre_wav/fr_01-S-2-4.wav
S,/data1/jiayu_xiao/project/wzh/data/fre_wav/fr_04-S-2-5.wav
S,/data1/jiayu_xiao/project/wzh/data/fre_wav/fr_04-S-2-4.wav
S,/data1/jiayu_xiao/project/wzh/data/fre_wav/fr_05-S-2-1.wav
S,/data1/jiayu_xiao/project/wzh/data/fre_wav/fr_01-S-2-5.wav
S,/data1/jiayu_xiao/project/wzh/data/fre_wav/fr_12-S-2-3.wav
S,/data1/jiayu_xiao/project/wzh/data/fre_wav/fr_03-S-2-3.wav
S,/data1/jiayu_xiao/project/wzh/data/fre_wav/fr_08-S-2-1.wav
S,/data1/jiayu_xiao/project/wzh/data/fre_wav/fr_09-S-2-4.wav
S,/data1/jiayu_xiao/project/wzh/data/fre_wav/fr_02-S-2-6.wav
S,/data1/jiayu_xiao/project/wzh/data/fre_wav/fr_10-S-2-5.wav
S,/data1/jiayu_xiao/project/wzh/data/fre_wav/fr_06-S-2-2.wav
P,/data1/jiayu_xiao/project/wzh/data/fre_wav/fr_04-P-2-2.wav
P,/data1/jiayu_xiao/project/wzh/data/fre_wav/fr_01-P-2-3.wav
P,/data1/jiayu_xiao/project/wzh/data/fre_wav/fr_12-P-2-5.wav
P,/data1/jiayu_xiao/project/wzh/data/fre_wav/fr_03-P-2-5.wav
P,/data1/jiayu_xiao/project/wzh/data/fre_wav/fr_11-P-2-6.wav
P,/data1/jiayu_xiao/project/wzh/data/fre_wav/fr_09-P-2-2.wav
P,/data1/jiayu_xiao/project/wzh/data/fre_wav/fr_10-P-2-3.wav
P,/data1/jiayu_xiao/project/wzh/data/fre_wav/fr_06-P-2-4.wav
P,/data1/jiayu_xiao/project/wzh/data/fre_wav/fr_07-P-2-1.wav
P,/data1/jiayu_xiao/project/wzh/data/fre_wav/fr_06-P-2-5.wav
P,/data1/jiayu_xiao/project/wzh/data/fre_wav/fr_10-P-2-2.wav
P,/data1/jiayu_xiao/project/wzh/data/fre_wav/fr_09-P-2-3.wav
P,/data1/jiayu_xiao/project/wzh/data/fre_wav/fr_02-P-2-1.wav
P,/data1/jiayu_xiao/project/wzh/data/fre_wav/fr_03-P-2-4.wav
P,/data1/jiayu_xiao/project/wzh/data/fre_wav/fr_08-P-2-6.wav
P,/data1/jiayu_xiao/project/wzh/data/fre_wav/fr_12-P-2-4.wav
P,/data1/jiayu_xiao/project/wzh/data/fre_wav/fr_01-P-2-2.wav
P,/data1/jiayu_xiao/project/wzh/data/fre_wav/fr_05-P-2-6.wav
P,/data1/jiayu_xiao/project/wzh/data/fre_wav/fr_04-P-2-3.wav
P,/data1/jiayu_xiao/project/wzh/data/fre_wav/fr_03-P-2-3.wav
P,/data1/jiayu_xiao/project/wzh/data/fre_wav/fr_08-P-2-1.wav
P,/data1/jiayu_xiao/project/wzh/data/fre_wav/fr_09-P-2-4.wav
P,/data1/jiayu_xiao/project/wzh/data/fre_wav/fr_02-P-2-6.wav
P,/data1/jiayu_xiao/project/wzh/data/fre_wav/fr_10-P-2-5.wav
P,/data1/jiayu_xiao/project/wzh/data/fre_wav/fr_06-P-2-2.wav
P,/data1/jiayu_xiao/project/wzh/data/fre_wav/fr_04-P-2-4.wav
P,/data1/jiayu_xiao/project/wzh/data/fre_wav/fr_05-P-2-1.wav
P,/data1/jiayu_xiao/project/wzh/data/fre_wav/fr_01-P-2-5.wav
P,/data1/jiayu_xiao/project/wzh/data/fre_wav/fr_12-P-2-3.wav
P,/data1/jiayu_xiao/project/wzh/data/fre_wav/fr_12-P-2-2.wav
P,/data1/jiayu_xiao/project/wzh/data/fre_wav/fr_01-P-2-4.wav
P,/data1/jiayu_xiao/project/wzh/data/fre_wav/fr_04-P-2-5.wav
P,/data1/jiayu_xiao/project/wzh/data/fre_wav/fr_07-P-2-6.wav
P,/data1/jiayu_xiao/project/wzh/data/fre_wav/fr_06-P-2-3.wav
P,/data1/jiayu_xiao/project/wzh/data/fre_wav/fr_10-P-2-4.wav
P,/data1/jiayu_xiao/project/wzh/data/fre_wav/fr_09-P-2-5.wav
P,/data1/jiayu_xiao/project/wzh/data/fre_wav/fr_11-P-2-1.wav
P,/data1/jiayu_xiao/project/wzh/data/fre_wav/fr_03-P-2-2.wav
P,/data1/jiayu_xiao/project/wzh/data/fre_wav/fr_07-P-2-5.wav
P,/data1/jiayu_xiao/project/wzh/data/fre_wav/fr_02-P-2-4.wav
P,/data1/jiayu_xiao/project/wzh/data/fre_wav/fr_09-P-2-6.wav
P,/data1/jiayu_xiao/project/wzh/data/fre_wav/fr_11-P-2-2.wav
P,/data1/jiayu_xiao/project/wzh/data/fre_wav/fr_08-P-2-3.wav
P,/data1/jiayu_xiao/project/wzh/data/fre_wav/fr_03-P-2-1.wav
P,/data1/jiayu_xiao/project/wzh/data/fre_wav/fr_12-P-2-1.wav
P,/data1/jiayu_xiao/project/wzh/data/fre_wav/fr_05-P-2-3.wav
P,/data1/jiayu_xiao/project/wzh/data/fre_wav/fr_04-P-2-6.wav
P,/data1/jiayu_xiao/project/wzh/data/fre_wav/fr_05-P-2-2.wav
P,/data1/jiayu_xiao/project/wzh/data/fre_wav/fr_01-P-2-6.wav
P,/data1/jiayu_xiao/project/wzh/data/fre_wav/fr_08-P-2-2.wav
P,/data1/jiayu_xiao/project/wzh/data/fre_wav/fr_11-P-2-3.wav
P,/data1/jiayu_xiao/project/wzh/data/fre_wav/fr_02-P-2-5.wav
P,/data1/jiayu_xiao/project/wzh/data/fre_wav/fr_10-P-2-6.wav
P,/data1/jiayu_xiao/project/wzh/data/fre_wav/fr_06-P-2-1.wav
P,/data1/jiayu_xiao/project/wzh/data/fre_wav/fr_07-P-2-4.wav
P,/data1/jiayu_xiao/project/wzh/data/fre_wav/fr_01-P-2-1.wav
P,/data1/jiayu_xiao/project/wzh/data/fre_wav/fr_05-P-2-5.wav
P,/data1/jiayu_xiao/project/wzh/data/fre_wav/fr_07-P-2-3.wav
P,/data1/jiayu_xiao/project/wzh/data/fre_wav/fr_06-P-2-6.wav
P,/data1/jiayu_xiao/project/wzh/data/fre_wav/fr_10-P-2-1.wav
P,/data1/jiayu_xiao/project/wzh/data/fre_wav/fr_02-P-2-2.wav
P,/data1/jiayu_xiao/project/wzh/data/fre_wav/fr_11-P-2-4.wav
P,/data1/jiayu_xiao/project/wzh/data/fre_wav/fr_08-P-2-5.wav
P,/data1/jiayu_xiao/project/wzh/data/fre_wav/fr_08-P-2-4.wav
P,/data1/jiayu_xiao/project/wzh/data/fre_wav/fr_03-P-2-6.wav
P,/data1/jiayu_xiao/project/wzh/data/fre_wav/fr_11-P-2-5.wav
P,/data1/jiayu_xiao/project/wzh/data/fre_wav/fr_02-P-2-3.wav
P,/data1/jiayu_xiao/project/wzh/data/fre_wav/fr_09-P-2-1.wav
P,/data1/jiayu_xiao/project/wzh/data/fre_wav/fr_07-P-2-2.wav
P,/data1/jiayu_xiao/project/wzh/data/fre_wav/fr_04-P-2-1.wav
P,/data1/jiayu_xiao/project/wzh/data/fre_wav/fr_05-P-2-4.wav
P,/data1/jiayu_xiao/project/wzh/data/fre_wav/fr_12-P-2-6.wav
J,/data1/jiayu_xiao/project/wzh/data/fre_wav/fr_07-J-2-2.wav
J,/data1/jiayu_xiao/project/wzh/data/fre_wav/fr_11-J-2-5.wav
J,/data1/jiayu_xiao/project/wzh/data/fre_wav/fr_08-J-2-4.wav
J,/data1/jiayu_xiao/project/wzh/data/fre_wav/fr_03-J-2-6.wav
J,/data1/jiayu_xiao/project/wzh/data/fre_wav/fr_02-J-2-3.wav
J,/data1/jiayu_xiao/project/wzh/data/fre_wav/fr_09-J-2-1.wav
J,/data1/jiayu_xiao/project/wzh/data/fre_wav/fr_12-J-2-6.wav
J,/data1/jiayu_xiao/project/wzh/data/fre_wav/fr_04-J-2-1.wav
J,/data1/jiayu_xiao/project/wzh/data/fre_wav/fr_05-J-2-4.wav
J,/data1/jiayu_xiao/project/wzh/data/fre_wav/fr_05-J-2-5.wav
J,/data1/jiayu_xiao/project/wzh/data/fre_wav/fr_01-J-2-1.wav
J,/data1/jiayu_xiao/project/wzh/data/fre_wav/fr_02-J-2-2.wav
J,/data1/jiayu_xiao/project/wzh/data/fre_wav/fr_10-J-2-1.wav
J,/data1/jiayu_xiao/project/wzh/data/fre_wav/fr_08-J-2-5.wav
J,/data1/jiayu_xiao/project/wzh/data/fre_wav/fr_11-J-2-4.wav
J,/data1/jiayu_xiao/project/wzh/data/fre_wav/fr_07-J-2-3.wav
J,/data1/jiayu_xiao/project/wzh/data/fre_wav/fr_06-J-2-6.wav
J,/data1/jiayu_xiao/project/wzh/data/fre_wav/fr_01-J-2-6.wav
J,/data1/jiayu_xiao/project/wzh/data/fre_wav/fr_05-J-2-2.wav
J,/data1/jiayu_xiao/project/wzh/data/fre_wav/fr_06-J-2-1.wav
J,/data1/jiayu_xiao/project/wzh/data/fre_wav/fr_07-J-2-4.wav
J,/data1/jiayu_xiao/project/wzh/data/fre_wav/fr_11-J-2-3.wav
J,/data1/jiayu_xiao/project/wzh/data/fre_wav/fr_08-J-2-2.wav
J,/data1/jiayu_xiao/project/wzh/data/fre_wav/fr_10-J-2-6.wav
J,/data1/jiayu_xiao/project/wzh/data/fre_wav/fr_02-J-2-5.wav
J,/data1/jiayu_xiao/project/wzh/data/fre_wav/fr_02-J-2-4.wav
J,/data1/jiayu_xiao/project/wzh/data/fre_wav/fr_09-J-2-6.wav
J,/data1/jiayu_xiao/project/wzh/data/fre_wav/fr_08-J-2-3.wav
J,/data1/jiayu_xiao/project/wzh/data/fre_wav/fr_03-J-2-1.wav
J,/data1/jiayu_xiao/project/wzh/data/fre_wav/fr_11-J-2-2.wav
J,/data1/jiayu_xiao/project/wzh/data/fre_wav/fr_07-J-2-5.wav
J,/data1/jiayu_xiao/project/wzh/data/fre_wav/fr_05-J-2-3.wav
J,/data1/jiayu_xiao/project/wzh/data/fre_wav/fr_04-J-2-6.wav
J,/data1/jiayu_xiao/project/wzh/data/fre_wav/fr_12-J-2-1.wav
J,/data1/jiayu_xiao/project/wzh/data/fre_wav/fr_04-J-2-5.wav
J,/data1/jiayu_xiao/project/wzh/data/fre_wav/fr_12-J-2-2.wav
J,/data1/jiayu_xiao/project/wzh/data/fre_wav/fr_01-J-2-4.wav
J,/data1/jiayu_xiao/project/wzh/data/fre_wav/fr_09-J-2-5.wav
J,/data1/jiayu_xiao/project/wzh/data/fre_wav/fr_10-J-2-4.wav
J,/data1/jiayu_xiao/project/wzh/data/fre_wav/fr_03-J-2-2.wav
J,/data1/jiayu_xiao/project/wzh/data/fre_wav/fr_11-J-2-1.wav
J,/data1/jiayu_xiao/project/wzh/data/fre_wav/fr_07-J-2-6.wav
J,/data1/jiayu_xiao/project/wzh/data/fre_wav/fr_06-J-2-3.wav
J,/data1/jiayu_xiao/project/wzh/data/fre_wav/fr_06-J-2-2.wav
J,/data1/jiayu_xiao/project/wzh/data/fre_wav/fr_03-J-2-3.wav
J,/data1/jiayu_xiao/project/wzh/data/fre_wav/fr_08-J-2-1.wav
J,/data1/jiayu_xiao/project/wzh/data/fre_wav/fr_10-J-2-5.wav
J,/data1/jiayu_xiao/project/wzh/data/fre_wav/fr_09-J-2-4.wav
J,/data1/jiayu_xiao/project/wzh/data/fre_wav/fr_02-J-2-6.wav
J,/data1/jiayu_xiao/project/wzh/data/fre_wav/fr_01-J-2-5.wav
J,/data1/jiayu_xiao/project/wzh/data/fre_wav/fr_12-J-2-3.wav
J,/data1/jiayu_xiao/project/wzh/data/fre_wav/fr_04-J-2-4.wav
J,/data1/jiayu_xiao/project/wzh/data/fre_wav/fr_05-J-2-1.wav
J,/data1/jiayu_xiao/project/wzh/data/fre_wav/fr_09-J-2-3.wav
J,/data1/jiayu_xiao/project/wzh/data/fre_wav/fr_02-J-2-1.wav
J,/data1/jiayu_xiao/project/wzh/data/fre_wav/fr_10-J-2-2.wav
J,/data1/jiayu_xiao/project/wzh/data/fre_wav/fr_03-J-2-4.wav
J,/data1/jiayu_xiao/project/wzh/data/fre_wav/fr_08-J-2-6.wav
J,/data1/jiayu_xiao/project/wzh/data/fre_wav/fr_06-J-2-5.wav
J,/data1/jiayu_xiao/project/wzh/data/fre_wav/fr_05-J-2-6.wav
J,/data1/jiayu_xiao/project/wzh/data/fre_wav/fr_04-J-2-3.wav
J,/data1/jiayu_xiao/project/wzh/data/fre_wav/fr_12-J-2-4.wav
J,/data1/jiayu_xiao/project/wzh/data/fre_wav/fr_01-J-2-2.wav
J,/data1/jiayu_xiao/project/wzh/data/fre_wav/fr_01-J-2-3.wav
J,/data1/jiayu_xiao/project/wzh/data/fre_wav/fr_12-J-2-5.wav
J,/data1/jiayu_xiao/project/wzh/data/fre_wav/fr_04-J-2-2.wav
J,/data1/jiayu_xiao/project/wzh/data/fre_wav/fr_06-J-2-4.wav
J,/data1/jiayu_xiao/project/wzh/data/fre_wav/fr_07-J-2-1.wav
J,/data1/jiayu_xiao/project/wzh/data/fre_wav/fr_11-J-2-6.wav
J,/data1/jiayu_xiao/project/wzh/data/fre_wav/fr_03-J-2-5.wav
J,/data1/jiayu_xiao/project/wzh/data/fre_wav/fr_10-J-2-3.wav
J,/data1/jiayu_xiao/project/wzh/data/fre_wav/fr_09-J-2-2.wav
T,/data1/jiayu_xiao/project/wzh/data/fre_wav/fr_07-T-2-3.wav
T,/data1/jiayu_xiao/project/wzh/data/fre_wav/fr_06-T-2-6.wav
T,/data1/jiayu_xiao/project/wzh/data/fre_wav/fr_02-T-2-2.wav
T,/data1/jiayu_xiao/project/wzh/data/fre_wav/fr_10-T-2-1.wav
T,/data1/jiayu_xiao/project/wzh/data/fre_wav/fr_08-T-2-5.wav
T,/data1/jiayu_xiao/project/wzh/data/fre_wav/fr_11-T-2-4.wav
T,/data1/jiayu_xiao/project/wzh/data/fre_wav/fr_01-T-2-1.wav
T,/data1/jiayu_xiao/project/wzh/data/fre_wav/fr_05-T-2-5.wav
T,/data1/jiayu_xiao/project/wzh/data/fre_wav/fr_04-T-2-1.wav
T,/data1/jiayu_xiao/project/wzh/data/fre_wav/fr_05-T-2-4.wav
T,/data1/jiayu_xiao/project/wzh/data/fre_wav/fr_12-T-2-6.wav
T,/data1/jiayu_xiao/project/wzh/data/fre_wav/fr_11-T-2-5.wav
T,/data1/jiayu_xiao/project/wzh/data/fre_wav/fr_08-T-2-4.wav
T,/data1/jiayu_xiao/project/wzh/data/fre_wav/fr_03-T-2-6.wav
T,/data1/jiayu_xiao/project/wzh/data/fre_wav/fr_02-T-2-3.wav
T,/data1/jiayu_xiao/project/wzh/data/fre_wav/fr_09-T-2-1.wav
T,/data1/jiayu_xiao/project/wzh/data/fre_wav/fr_07-T-2-2.wav
T,/data1/jiayu_xiao/project/wzh/data/fre_wav/fr_12-T-2-1.wav
T,/data1/jiayu_xiao/project/wzh/data/fre_wav/fr_05-T-2-3.wav
T,/data1/jiayu_xiao/project/wzh/data/fre_wav/fr_04-T-2-6.wav
T,/data1/jiayu_xiao/project/wzh/data/fre_wav/fr_07-T-2-5.wav
T,/data1/jiayu_xiao/project/wzh/data/fre_wav/fr_02-T-2-4.wav
T,/data1/jiayu_xiao/project/wzh/data/fre_wav/fr_09-T-2-6.wav
T,/data1/jiayu_xiao/project/wzh/data/fre_wav/fr_08-T-2-3.wav
T,/data1/jiayu_xiao/project/wzh/data/fre_wav/fr_03-T-2-1.wav
T,/data1/jiayu_xiao/project/wzh/data/fre_wav/fr_11-T-2-2.wav
T,/data1/jiayu_xiao/project/wzh/data/fre_wav/fr_11-T-2-3.wav
T,/data1/jiayu_xiao/project/wzh/data/fre_wav/fr_08-T-2-2.wav
T,/data1/jiayu_xiao/project/wzh/data/fre_wav/fr_10-T-2-6.wav
T,/data1/jiayu_xiao/project/wzh/data/fre_wav/fr_02-T-2-5.wav
T,/data1/jiayu_xiao/project/wzh/data/fre_wav/fr_06-T-2-1.wav
T,/data1/jiayu_xiao/project/wzh/data/fre_wav/fr_07-T-2-4.wav
T,/data1/jiayu_xiao/project/wzh/data/fre_wav/fr_05-T-2-2.wav
T,/data1/jiayu_xiao/project/wzh/data/fre_wav/fr_01-T-2-6.wav
T,/data1/jiayu_xiao/project/wzh/data/fre_wav/fr_04-T-2-4.wav
T,/data1/jiayu_xiao/project/wzh/data/fre_wav/fr_05-T-2-1.wav
T,/data1/jiayu_xiao/project/wzh/data/fre_wav/fr_01-T-2-5.wav
T,/data1/jiayu_xiao/project/wzh/data/fre_wav/fr_12-T-2-3.wav
T,/data1/jiayu_xiao/project/wzh/data/fre_wav/fr_03-T-2-3.wav
T,/data1/jiayu_xiao/project/wzh/data/fre_wav/fr_08-T-2-1.wav
T,/data1/jiayu_xiao/project/wzh/data/fre_wav/fr_10-T-2-5.wav
T,/data1/jiayu_xiao/project/wzh/data/fre_wav/fr_09-T-2-4.wav
T,/data1/jiayu_xiao/project/wzh/data/fre_wav/fr_02-T-2-6.wav
T,/data1/jiayu_xiao/project/wzh/data/fre_wav/fr_06-T-2-2.wav
T,/data1/jiayu_xiao/project/wzh/data/fre_wav/fr_07-T-2-6.wav
T,/data1/jiayu_xiao/project/wzh/data/fre_wav/fr_06-T-2-3.wav
T,/data1/jiayu_xiao/project/wzh/data/fre_wav/fr_09-T-2-5.wav
T,/data1/jiayu_xiao/project/wzh/data/fre_wav/fr_10-T-2-4.wav
T,/data1/jiayu_xiao/project/wzh/data/fre_wav/fr_03-T-2-2.wav
T,/data1/jiayu_xiao/project/wzh/data/fre_wav/fr_11-T-2-1.wav
T,/data1/jiayu_xiao/project/wzh/data/fre_wav/fr_12-T-2-2.wav
T,/data1/jiayu_xiao/project/wzh/data/fre_wav/fr_01-T-2-4.wav
T,/data1/jiayu_xiao/project/wzh/data/fre_wav/fr_04-T-2-5.wav
T,/data1/jiayu_xiao/project/wzh/data/fre_wav/fr_11-T-2-6.wav
T,/data1/jiayu_xiao/project/wzh/data/fre_wav/fr_03-T-2-5.wav
T,/data1/jiayu_xiao/project/wzh/data/fre_wav/fr_10-T-2-3.wav
T,/data1/jiayu_xiao/project/wzh/data/fre_wav/fr_09-T-2-2.wav
T,/data1/jiayu_xiao/project/wzh/data/fre_wav/fr_06-T-2-4.wav
T,/data1/jiayu_xiao/project/wzh/data/fre_wav/fr_07-T-2-1.wav
T,/data1/jiayu_xiao/project/wzh/data/fre_wav/fr_04-T-2-2.wav
T,/data1/jiayu_xiao/project/wzh/data/fre_wav/fr_01-T-2-3.wav
T,/data1/jiayu_xiao/project/wzh/data/fre_wav/fr_12-T-2-5.wav
T,/data1/jiayu_xiao/project/wzh/data/fre_wav/fr_12-T-2-4.wav
T,/data1/jiayu_xiao/project/wzh/data/fre_wav/fr_01-T-2-2.wav
T,/data1/jiayu_xiao/project/wzh/data/fre_wav/fr_05-T-2-6.wav
T,/data1/jiayu_xiao/project/wzh/data/fre_wav/fr_04-T-2-3.wav
T,/data1/jiayu_xiao/project/wzh/data/fre_wav/fr_06-T-2-5.wav
T,/data1/jiayu_xiao/project/wzh/data/fre_wav/fr_09-T-2-3.wav
T,/data1/jiayu_xiao/project/wzh/data/fre_wav/fr_02-T-2-1.wav
T,/data1/jiayu_xiao/project/wzh/data/fre_wav/fr_10-T-2-2.wav
T,/data1/jiayu_xiao/project/wzh/data/fre_wav/fr_03-T-2-4.wav
T,/data1/jiayu_xiao/project/wzh/data/fre_wav/fr_08-T-2-6.wav
N,/data1/jiayu_xiao/project/wzh/data/fre_wav/fr_07-N-5.wav
N,/data1/jiayu_xiao/project/wzh/data/fre_wav/fr_06-N-5.wav
N,/data1/jiayu_xiao/project/wzh/data/fre_wav/fr_12-N-1.wav
N,/data1/jiayu_xiao/project/wzh/data/fre_wav/fr_01-N-2.wav
N,/data1/jiayu_xiao/project/wzh/data/fre_wav/fr_10-N-4.wav
N,/data1/jiayu_xiao/project/wzh/data/fre_wav/fr_11-N-4.wav
N,/data1/jiayu_xiao/project/wzh/data/fre_wav/fr_02-N-6.wav
N,/data1/jiayu_xiao/project/wzh/data/fre_wav/fr_03-N-6.wav
N,/data1/jiayu_xiao/project/wzh/data/fre_wav/fr_10-N-5.wav
N,/data1/jiayu_xiao/project/wzh/data/fre_wav/fr_11-N-5.wav
N,/data1/jiayu_xiao/project/wzh/data/fre_wav/fr_04-N-1.wav
N,/data1/jiayu_xiao/project/wzh/data/fre_wav/fr_05-N-1.wav
N,/data1/jiayu_xiao/project/wzh/data/fre_wav/fr_01-N-3.wav
N,/data1/jiayu_xiao/project/wzh/data/fre_wav/fr_08-N-6.wav
N,/data1/jiayu_xiao/project/wzh/data/fre_wav/fr_09-N-6.wav
N,/data1/jiayu_xiao/project/wzh/data/fre_wav/fr_07-N-4.wav
N,/data1/jiayu_xiao/project/wzh/data/fre_wav/fr_06-N-4.wav
N,/data1/jiayu_xiao/project/wzh/data/fre_wav/fr_05-N-6.wav
N,/data1/jiayu_xiao/project/wzh/data/fre_wav/fr_04-N-6.wav
N,/data1/jiayu_xiao/project/wzh/data/fre_wav/fr_11-N-2.wav
N,/data1/jiayu_xiao/project/wzh/data/fre_wav/fr_10-N-2.wav
N,/data1/jiayu_xiao/project/wzh/data/fre_wav/fr_03-N-1.wav
N,/data1/jiayu_xiao/project/wzh/data/fre_wav/fr_02-N-1.wav
N,/data1/jiayu_xiao/project/wzh/data/fre_wav/fr_06-N-3.wav
N,/data1/jiayu_xiao/project/wzh/data/fre_wav/fr_07-N-3.wav
N,/data1/jiayu_xiao/project/wzh/data/fre_wav/fr_09-N-1.wav
N,/data1/jiayu_xiao/project/wzh/data/fre_wav/fr_08-N-1.wav
N,/data1/jiayu_xiao/project/wzh/data/fre_wav/fr_01-N-4.wav
N,/data1/jiayu_xiao/project/wzh/data/fre_wav/fr_01-N-5.wav
N,/data1/jiayu_xiao/project/wzh/data/fre_wav/fr_12-N-6.wav
N,/data1/jiayu_xiao/project/wzh/data/fre_wav/fr_06-N-2.wav
N,/data1/jiayu_xiao/project/wzh/data/fre_wav/fr_07-N-2.wav
N,/data1/jiayu_xiao/project/wzh/data/fre_wav/fr_11-N-3.wav
N,/data1/jiayu_xiao/project/wzh/data/fre_wav/fr_10-N-3.wav
N,/data1/jiayu_xiao/project/wzh/data/fre_wav/fr_02-N-3.wav
N,/data1/jiayu_xiao/project/wzh/data/fre_wav/fr_03-N-3.wav
N,/data1/jiayu_xiao/project/wzh/data/fre_wav/fr_04-N-4.wav
N,/data1/jiayu_xiao/project/wzh/data/fre_wav/fr_05-N-4.wav
N,/data1/jiayu_xiao/project/wzh/data/fre_wav/fr_01-N-6.wav
N,/data1/jiayu_xiao/project/wzh/data/fre_wav/fr_12-N-5.wav
N,/data1/jiayu_xiao/project/wzh/data/fre_wav/fr_08-N-3.wav
N,/data1/jiayu_xiao/project/wzh/data/fre_wav/fr_09-N-3.wav
N,/data1/jiayu_xiao/project/wzh/data/fre_wav/fr_07-N-1.wav
N,/data1/jiayu_xiao/project/wzh/data/fre_wav/fr_06-N-1.wav
N,/data1/jiayu_xiao/project/wzh/data/fre_wav/fr_08-N-2.wav
N,/data1/jiayu_xiao/project/wzh/data/fre_wav/fr_09-N-2.wav
N,/data1/jiayu_xiao/project/wzh/data/fre_wav/fr_12-N-4.wav
N,/data1/jiayu_xiao/project/wzh/data/fre_wav/fr_04-N-5.wav
N,/data1/jiayu_xiao/project/wzh/data/fre_wav/fr_05-N-5.wav
N,/data1/jiayu_xiao/project/wzh/data/fre_wav/fr_10-N-1.wav
N,/data1/jiayu_xiao/project/wzh/data/fre_wav/fr_11-N-1.wav
N,/data1/jiayu_xiao/project/wzh/data/fre_wav/fr_02-N-2.wav
N,/data1/jiayu_xiao/project/wzh/data/fre_wav/fr_03-N-2.wav
N,/data1/jiayu_xiao/project/wzh/data/fre_wav/fr_12-N-3.wav
N,/data1/jiayu_xiao/project/wzh/data/fre_wav/fr_09-N-5.wav
N,/data1/jiayu_xiao/project/wzh/data/fre_wav/fr_08-N-5.wav
N,/data1/jiayu_xiao/project/wzh/data/fre_wav/fr_03-N-5.wav
N,/data1/jiayu_xiao/project/wzh/data/fre_wav/fr_02-N-5.wav
N,/data1/jiayu_xiao/project/wzh/data/fre_wav/fr_11-N-6.wav
N,/data1/jiayu_xiao/project/wzh/data/fre_wav/fr_10-N-6.wav
N,/data1/jiayu_xiao/project/wzh/data/fre_wav/fr_05-N-2.wav
N,/data1/jiayu_xiao/project/wzh/data/fre_wav/fr_04-N-2.wav
N,/data1/jiayu_xiao/project/wzh/data/fre_wav/fr_05-N-3.wav
N,/data1/jiayu_xiao/project/wzh/data/fre_wav/fr_04-N-3.wav
N,/data1/jiayu_xiao/project/wzh/data/fre_wav/fr_03-N-4.wav
N,/data1/jiayu_xiao/project/wzh/data/fre_wav/fr_02-N-4.wav
N,/data1/jiayu_xiao/project/wzh/data/fre_wav/fr_06-N-6.wav
N,/data1/jiayu_xiao/project/wzh/data/fre_wav/fr_07-N-6.wav
N,/data1/jiayu_xiao/project/wzh/data/fre_wav/fr_09-N-4.wav
N,/data1/jiayu_xiao/project/wzh/data/fre_wav/fr_08-N-4.wav
N,/data1/jiayu_xiao/project/wzh/data/fre_wav/fr_12-N-2.wav
N,/data1/jiayu_xiao/project/wzh/data/fre_wav/fr_01-N-1.wav